{
    "std_1": {
        "graph_neighbor_2": {
            "graph_neighbors": 2,
            "score_base_estimator_val": 1.0,
            "score_base_estimator_unlabel": 0.9994058229352347,
            "score_base_estimator_test": 0.9997058823529412,
            "setred_score_mean_test": 0.9955176470588236,
            "setred_score_std_test": 0.0025952845181412823,
            "setred_score_mean_unlabel": 0.9960041592394532,
            "setred_score_std_unlabel": 0.002311665705558773,
            "score_list_test": [
                0.9955882352941177,
                0.9952941176470588,
                0.9976470588235294,
                0.9964705882352941,
                0.99,
                0.9991176470588236,
                0.9982352941176471,
                0.9973529411764706,
                0.9952941176470588,
                0.9979411764705882,
                0.9938235294117647,
                0.9935294117647059,
                0.9991176470588236,
                0.9923529411764705,
                0.9982352941176471,
                0.995,
                0.9988235294117647,
                0.9914705882352941,
                0.9997058823529412,
                0.9955882352941177,
                0.9976470588235294,
                0.9955882352941177,
                0.9947058823529412,
                0.9944117647058823,
                0.9938235294117647,
                0.9958823529411764,
                0.9994117647058823,
                0.9958823529411764,
                0.9985294117647059,
                0.9955882352941177,
                0.995,
                0.9964705882352941,
                0.9973529411764706,
                0.9947058823529412,
                0.9926470588235294,
                0.9973529411764706,
                0.995,
                0.9955882352941177,
                0.9935294117647059,
                0.9982352941176471,
                0.9973529411764706,
                0.9908823529411764,
                0.9935294117647059,
                0.9985294117647059,
                0.9985294117647059,
                0.9967647058823529,
                0.9970588235294118,
                0.9955882352941177,
                0.9964705882352941,
                0.9982352941176471,
                0.9932352941176471,
                0.9929411764705882,
                0.9961764705882353,
                0.9955882352941177,
                0.9947058823529412,
                0.9911764705882353,
                0.9923529411764705,
                0.9979411764705882,
                0.9988235294117647,
                0.9982352941176471,
                0.9955882352941177,
                0.9976470588235294,
                0.9964705882352941,
                0.9882352941176471,
                0.9932352941176471,
                0.9991176470588236,
                0.9988235294117647,
                0.9876470588235294,
                0.9944117647058823,
                0.9923529411764705,
                0.9964705882352941,
                0.9938235294117647,
                0.9908823529411764,
                0.9994117647058823,
                0.9952941176470588,
                0.9973529411764706,
                0.9961764705882353,
                0.991764705882353,
                0.995,
                0.9991176470588236,
                0.995,
                0.9929411764705882,
                0.9894117647058823,
                0.9923529411764705,
                0.9955882352941177,
                0.9979411764705882,
                0.9947058823529412,
                0.9941176470588236,
                0.9938235294117647,
                0.9955882352941177,
                0.9958823529411764,
                0.9997058823529412,
                0.9944117647058823,
                0.9976470588235294,
                0.9938235294117647,
                0.9973529411764706,
                0.9955882352941177,
                0.9973529411764706,
                0.9929411764705882,
                0.9947058823529412
            ],
            "score_list_unlabel": [
                0.9950237670825907,
                0.9961378490790256,
                0.9972519310754605,
                0.9974004753416518,
                0.9924985145573381,
                0.999554367201426,
                0.9978461081402258,
                0.9977718360071302,
                0.9946524064171123,
                0.9987373737373737,
                0.9950980392156863,
                0.994503862150921,
                0.9991087344028521,
                0.9927213309566251,
                0.9985888294711824,
                0.9956922162804516,
                0.9991830065359477,
                0.9935383244206774,
                0.9999257278669044,
                0.9953951277480689,
                0.9971776589423649,
                0.9953951277480689,
                0.995840760546643,
                0.9954693998811646,
                0.9952465834818776,
                0.9963606654783126,
                0.9994800950683304,
                0.9963606654783126,
                0.9981431966726084,
                0.9966577540106952,
                0.9961378490790256,
                0.9971776589423649,
                0.9973262032085561,
                0.9941325014854426,
                0.9933155080213903,
                0.9982917409387998,
                0.9942067736185384,
                0.9948009506833037,
                0.99383541295306,
                0.9982174688057041,
                0.9983660130718954,
                0.9890819964349377,
                0.9946524064171123,
                0.9991087344028521,
                0.9988116458704694,
                0.9965092097445039,
                0.9968062982768865,
                0.9952465834818776,
                0.9971033868092691,
                0.9979946524064172,
                0.9937611408199644,
                0.9949494949494949,
                0.9976975638740344,
                0.9948009506833037,
                0.9964349376114082,
                0.9925727866904337,
                0.9936868686868687,
                0.9986631016042781,
                0.9985888294711824,
                0.9979203802733214,
                0.9952465834818776,
                0.9974004753416518,
                0.9971776589423649,
                0.9891562685680333,
                0.9942067736185384,
                0.999554367201426,
                0.9994058229352347,
                0.9904931669637552,
                0.9956922162804516,
                0.9924985145573381,
                0.9968805704099821,
                0.9948752228163993,
                0.9931669637551991,
                0.9998514557338086,
                0.9962121212121212,
                0.9984402852049911,
                0.9975490196078431,
                0.9923499702911468,
                0.9956922162804516,
                0.9988116458704694,
                0.9948752228163993,
                0.9932412358882947,
                0.9913844325609031,
                0.9950237670825907,
                0.9952465834818776,
                0.9978461081402258,
                0.9941325014854426,
                0.9957664884135472,
                0.9947266785502079,
                0.9953208556149733,
                0.9968062982768865,
                0.9994800950683304,
                0.9950980392156863,
                0.9978461081402258,
                0.9934640522875817,
                0.9972519310754605,
                0.9950237670825907,
                0.9970291146761735,
                0.9936868686868687,
                0.9955436720142602
            ]
        }
    }
}