{
    "std_4": {
        "graph_neighbor_2": {
            "graph_neighbors": 2,
            "score_base_estimator_val": 0.9558823529411765,
            "score_base_estimator_test": 0.7070588235294117,
            "setred_score": 0.7878176470588235,
            "setred_std": 0.010396231350714446,
            "setred_score_unlabel": 0.8001351752822342,
            "setred_score_unlabel_std": 0.009567991942857923,
            "score_list": [
                0.7741176470588236,
                0.785,
                0.765,
                0.7979411764705883,
                0.7776470588235294,
                0.7879411764705883,
                0.7735294117647059,
                0.7785294117647059,
                0.7552941176470588,
                0.7997058823529412,
                0.768235294117647,
                0.8002941176470588,
                0.7779411764705882,
                0.7879411764705883,
                0.7926470588235294,
                0.7961764705882353,
                0.7991176470588235,
                0.7988235294117647,
                0.7867647058823529,
                0.7867647058823529,
                0.78,
                0.7770588235294118,
                0.7926470588235294,
                0.7964705882352942,
                0.7823529411764706,
                0.785,
                0.7864705882352941,
                0.8008823529411765,
                0.8079411764705883,
                0.7894117647058824,
                0.7794117647058824,
                0.7914705882352941,
                0.7920588235294118,
                0.8052941176470588,
                0.7920588235294118,
                0.7908823529411765,
                0.7958823529411765,
                0.7917647058823529,
                0.7917647058823529,
                0.8023529411764706,
                0.7967647058823529,
                0.7858823529411765,
                0.79,
                0.7841176470588235,
                0.8,
                0.7823529411764706,
                0.7955882352941176,
                0.7820588235294118,
                0.7911764705882353,
                0.7935294117647059,
                0.7697058823529411,
                0.7835294117647059,
                0.7947058823529412,
                0.8073529411764706,
                0.7879411764705883,
                0.7847058823529411,
                0.7852941176470588,
                0.793235294117647,
                0.7870588235294118,
                0.7897058823529411,
                0.803235294117647,
                0.7814705882352941,
                0.7844117647058824,
                0.7917647058823529,
                0.7717647058823529,
                0.7797058823529411,
                0.7973529411764706,
                0.7817647058823529,
                0.7861764705882353,
                0.7958823529411765,
                0.7870588235294118,
                0.7879411764705883,
                0.785,
                0.7861764705882353,
                0.7917647058823529,
                0.7861764705882353,
                0.788235294117647,
                0.808235294117647,
                0.7747058823529411,
                0.7958823529411765,
                0.7702941176470588,
                0.7773529411764706,
                0.7855882352941177,
                0.7961764705882353,
                0.8029411764705883,
                0.7823529411764706,
                0.7973529411764706,
                0.7761764705882352,
                0.7735294117647059,
                0.7655882352941177,
                0.7826470588235294,
                0.7841176470588235,
                0.788235294117647,
                0.8020588235294117,
                0.7773529411764706,
                0.7967647058823529,
                0.7958823529411765,
                0.7720588235294118,
                0.8094117647058824,
                0.7758823529411765
            ],
            "score_unlabel_list": [
                0.7840909090909091,
                0.7946375519904931,
                0.7866161616161617,
                0.8097890671420083,
                0.7953060011883542,
                0.8058526440879382,
                0.7889185977421271,
                0.7969399881164587,
                0.7670825906120023,
                0.8126856803327391,
                0.7831253713606655,
                0.8090463458110517,
                0.7840166369578134,
                0.7983511586452763,
                0.8025103980986333,
                0.8010992275698158,
                0.8137997623291741,
                0.8072638146167558,
                0.7984254307783719,
                0.7928550207961973,
                0.7956030897207368,
                0.7950089126559715,
                0.8053327391562686,
                0.8106060606060606,
                0.7993909685086156,
                0.7983511586452763,
                0.7972370766488414,
                0.815805109922757,
                0.8168449197860963,
                0.7980540701128936,
                0.79708853238265,
                0.8053327391562686,
                0.7986482471776589,
                0.8143196672608437,
                0.8092691622103387,
                0.8103832442067737,
                0.8067439096850861,
                0.8043672014260249,
                0.808972073677956,
                0.8154337492572786,
                0.8055555555555556,
                0.7940433749257279,
                0.8026589423648247,
                0.797756981580511,
                0.80941770647653,
                0.7847593582887701,
                0.8072638146167558,
                0.7958259061200238,
                0.8080065359477124,
                0.8033273915626857,
                0.7888443256090315,
                0.7967171717171717,
                0.80548128342246,
                0.8138740344622698,
                0.7985739750445633,
                0.7954545454545454,
                0.7998366013071896,
                0.8056298276886512,
                0.7973856209150327,
                0.8016191325014854,
                0.8118686868686869,
                0.7968657159833631,
                0.8014705882352942,
                0.7976827094474154,
                0.7828282828282829,
                0.7934491978609626,
                0.8060754604872252,
                0.7971628045157457,
                0.8002822341057635,
                0.8028074866310161,
                0.8021390374331551,
                0.7955288175876412,
                0.7953802733214498,
                0.8019162210338681,
                0.8072638146167558,
                0.792038027332145,
                0.8016191325014854,
                0.8175876411170528,
                0.7869875222816399,
                0.8107546048722519,
                0.7893642305407012,
                0.7887700534759359,
                0.7944147355912062,
                0.808972073677956,
                0.815136660724896,
                0.8013220439691028,
                0.8048871063576946,
                0.7851307189542484,
                0.7869875222816399,
                0.7797831253713606,
                0.8004307783719549,
                0.7953802733214498,
                0.7956773618538324,
                0.809863339275104,
                0.7919637551990493,
                0.8091206179441474,
                0.8083036244800951,
                0.7875074272133096,
                0.8203357100415924,
                0.7912210338680927
            ]
        }
    }
}